
INSERT INTO users (id,name,surname,age,created_at,updated_at,username,password) VALUES
(1,'Marek','Skokanek',30,now(),now(),'mskokanek','secret1'),
(2,'Jana','Mar',30,now(),now(),'jmorav','secret2'),
(3,'Martina','Kras',30,now(),now(),'mkras','secret3');


INSERT INTO trip_types (id,type,created_at,updated_at) VALUES
(1,'AM',now(),now()),
(2,'PM',now(),now());

INSERT INTO users (id,name,surname,age,created_at,updated_at) VALUES
(1,'Marek','Skokanek',30,now(),now()),
(2,'Jana','Mar',30,now(),now()),
(3,'Martina','Kras',30,now(),now());


INSERT INTO trip_types (id,type,created_at,updated_at) VALUES
(1,'AM',now(),now()),
(2,'PM',now(),now());

INSERT INTO trip_prices (id,"gus_price" ,"avarage_gus_on_km",created_at,updated_at) VALUES
(1,1,5,now(),now());
--(2,1.79,0.066,now(),now());

INSERT INTO trips (id,"trip_date","trip_type_id","trip_price_id",created_at,updated_at) VALUES
(0	,'2021-09-20'	,1	,1,now(),now()),
(1	,'2021-09-20'	,1	,1,now(),now()),
(2	,'2021-09-20'	,2	,1,now(),now()),
(3	,'2021-09-21'	,1	,1,now(),now()),
(4	,'2021-09-21'	,2	,1,now(),now()),
(5	,'2021-09-22'	,1	,1,now(),now()),
(6	,'2021-09-22'	,2	,1,now(),now()),
(7	,'2021-09-23'	,1	,1,now(),now()),
(8	,'2021-09-23'	,2	,1,now(),now()),
(9	,'2021-09-24'	,1	,1,now(),now()),
(10	,'2021-09-24'	,2	,1,now(),now()),
(11	,'2021-09-27'	,1	,1,now(),now()),
(12	,'2021-09-27'	,2	,1,now(),now()),
(13	,'2021-09-28'	,1	,1,now(),now()),
(14	,'2021-09-28'	,2	,1,now(),now()),
(15	,'2021-09-29'	,1	,1,now(),now()),
(16	,'2021-09-29'	,2	,1,now(),now()),
(17	,'2021-09-30'	,1	,1,now(),now()),
(18	,'2021-09-30'	,2	,1,now(),now()),
(19	,'2021-10-01'	,1	,1,now(),now()),
(20	,'2021-10-01'	,2	,1,now(),now()),
(21	,'2021-10-04'	,1	,1,now(),now()),
(22	,'2021-10-04'	,2	,1,now(),now()),
(23	,'2021-10-05'	,1	,1,now(),now()),
(24	,'2021-10-05'	,2	,1,now(),now()),
(25	,'2021-10-06'	,1	,1,now(),now()),
(26	,'2021-10-06'	,2	,1,now(),now()),
(27	,'2021-10-07'	,1	,1,now(),now()),
(28	,'2021-10-07'	,2	,1,now(),now()),
(29	,'2021-10-08'	,1	,1,now(),now()),
(30	,'2021-10-08'	,2	,1,now(),now()),
(31	,'2021-10-11'	,1	,1,now(),now()),
(32	,'2021-10-11'	,2	,1,now(),now()),
(33	,'2021-10-12'	,1	,1,now(),now()),
(34	,'2021-10-12'	,2	,1,now(),now()),
(35	,'2021-10-13'	,1	,1,now(),now()),
(36	,'2021-10-13'	,2	,1,now(),now()),
(37	,'2021-10-14'	,1	,1,now(),now()),
(38	,'2021-10-14'	,2	,1,now(),now()),
(39	,'2021-10-15'	,1	,1,now(),now()),
(40	,'2021-10-15'	,2	,1,now(),now()),
(41	,'2021-10-18'	,1	,1,now(),now()),
(42	,'2021-10-18'	,2	,1,now(),now()),
(43	,'2021-10-19'	,1	,1,now(),now()),
(44	,'2021-10-19'	,2	,1,now(),now()),
(45	,'2021-10-20'	,1	,1,now(),now()),
(46	,'2021-10-20'	,2	,1,now(),now()),
(47	,'2021-10-21'	,1	,1,now(),now()),
(48	,'2021-10-21'	,2	,1,now(),now()),
(49	,'2021-10-22'	,1	,1,now(),now()),
(50	,'2021-10-22'	,2	,1,now(),now()),
(51	,'2021-10-25'	,1	,1,now(),now()),
(52	,'2021-10-25'	,2	,1,now(),now()),
(53	,'2021-10-26'	,1	,1,now(),now()),
(54	,'2021-10-26'	,2	,1,now(),now()),
(55	,'2021-10-27'	,1	,1,now(),now()),
(56	,'2021-10-27'	,2	,1,now(),now()),
(57	,'2021-10-28'	,1	,1,now(),now()),
(58	,'2021-10-28'	,2	,1,now(),now()),
(59	,'2021-10-29'	,1	,1,now(),now()),
(60	,'2021-10-29'	,2	,1,now(),now()),
(61	,'2021-11-01'	,1	,1,now(),now()),
(62	,'2021-11-01'	,2	,1,now(),now()),
(63	,'2021-11-02'	,1	,1,now(),now()),
(64	,'2021-11-02'	,2	,1,now(),now()),
(65	,'2021-11-03'	,1	,1,now(),now()),
(66	,'2021-11-03'	,2	,1,now(),now()),
(67	,'2021-11-04'	,1	,1,now(),now()),
(68	,'2021-11-04'	,2	,1,now(),now()),
(69	,'2021-11-05'	,1	,1,now(),now()),
(70	,'2021-11-05'	,2	,1,now(),now()),
(71	,'2021-11-08'	,1	,1,now(),now()),
(72	,'2021-11-08'	,2	,1,now(),now()),
(73	,'2021-11-09'	,1	,1,now(),now()),
(74	,'2021-11-09'	,2	,1,now(),now()),
(75	,'2021-11-10'	,1	,1,now(),now()),
(76	,'2021-11-10'	,2	,1,now(),now()),
(77	,'2021-11-11'	,1	,1,now(),now()),
(78	,'2021-11-11'	,2	,1,now(),now()),
(79	,'2021-11-12'	,1	,1,now(),now()),
(80	,'2021-11-12'	,2	,1,now(),now()),
(81	,'2021-11-15'	,1	,1,now(),now()),
(82	,'2021-11-15'	,2	,1,now(),now()),
(83	,'2021-11-16'	,1	,1,now(),now()),
(84	,'2021-11-16'	,2	,1,now(),now()),
(85	,'2021-11-17'	,1	,1,now(),now()),
(86	,'2021-11-17'	,2	,1,now(),now()),
(87	,'2021-11-18'	,1	,1,now(),now()),
(88	,'2021-11-18'	,2	,1,now(),now()),
(89	,'2021-11-19'	,1	,1,now(),now()),
(90	,'2021-11-19'	,2	,1,now(),now()),
(91	,'2021-11-22'	,1	,1,now(),now()),
(92	,'2021-11-22'	,2	,1,now(),now()),
(93	,'2021-11-23'	,1	,1,now(),now()),
(94	,'2021-11-23'	,2	,1,now(),now()),
(95	,'2021-11-24'	,1	,1,now(),now()),
(96	,'2021-11-24'	,2	,1,now(),now()),
(97	,'2021-11-25'	,1	,1,now(),now()),
(98	,'2021-11-25'	,2	,1,now(),now()),
(99	,'2021-11-26'	,1	,1,now(),now()),
(100	,'2021-11-26'	,2	,1,now(),now()),
(101	,'2021-11-29'	,1	,1,now(),now()),
(102	,'2021-11-29'	,2	,1,now(),now()),
(103	,'2021-11-30'	,1	,1,now(),now()),
(104	,'2021-11-30'	,2	,1,now(),now()),
(105	,'2021-12-01'	,1	,1,now(),now()),
(106	,'2021-12-01'	,2	,1,now(),now()),
(107	,'2021-12-02'	,1	,1,now(),now()),
(108	,'2021-12-02'	,2	,1,now(),now()),
(109	,'2021-12-03'	,1	,1,now(),now()),
(110	,'2021-12-03'	,2	,1,now(),now()),
(111	,'2021-12-06'	,1	,1,now(),now()),
(112	,'2021-12-06'	,2	,1,now(),now()),
(113	,'2021-12-07'	,1	,1,now(),now()),
(114	,'2021-12-07'	,2	,1,now(),now()),
(115	,'2021-12-08'	,1	,1,now(),now()),
(116	,'2021-12-08'	,2	,1,now(),now()),
(117	,'2021-12-09'	,1	,1,now(),now()),
(118	,'2021-12-09'	,2	,1,now(),now()),
(119	,'2021-12-10'	,1	,1,now(),now()),
(120	,'2021-12-10'	,2	,1,now(),now()),
(121	,'2021-12-13'	,1	,1,now(),now()),
(122	,'2021-12-13'	,2	,1,now(),now()),
(123	,'2021-12-14'	,1	,1,now(),now()),
(124	,'2021-12-14'	,2	,1,now(),now()),
(125	,'2021-12-15'	,1	,1,now(),now()),
(126	,'2021-12-15'	,2	,1,now(),now()),
(127	,'2021-12-16'	,1	,1,now(),now()),
(128	,'2021-12-16'	,2	,1,now(),now()),
(129	,'2021-12-17'	,1	,1,now(),now()),
(130	,'2021-12-17'	,2	,1,now(),now()),
(131	,'2021-12-20'	,1	,1,now(),now()),
(132	,'2021-12-20'	,2	,1,now(),now()),
(133	,'2021-12-21'	,1	,1,now(),now()),
(134	,'2021-12-21'	,2	,1,now(),now()),
(135	,'2021-12-22'	,1	,1,now(),now()),
(136	,'2021-12-22'	,2	,1,now(),now()),
(137	,'2021-12-23'	,1	,1,now(),now()),
(138	,'2021-12-23'	,2	,1,now(),now()),
(139	,'2021-12-24'	,1	,1,now(),now()),
(140	,'2021-12-24'	,2	,1,now(),now()),
(141	,'2021-12-27'	,1	,1,now(),now()),
(142	,'2021-12-27'	,2	,1,now(),now()),
(143	,'2021-12-28'	,1	,1,now(),now()),
(144	,'2021-12-28'	,2	,1,now(),now()),
(145	,'2021-12-29'	,1	,1,now(),now()),
(146	,'2021-12-29'	,2	,1,now(),now()),
(147	,'2021-12-30'	,1	,1,now(),now()),
(148	,'2021-12-30'	,2	,1,now(),now()),
(149	,'2021-12-31'	,1	,1,now(),now()),
(150	,'2021-12-31'	,2	,1,now(),now()),
(151	,'2022-01-03'	,1	,1,now(),now()),
(152	,'2022-01-03'	,2	,1,now(),now()),
(153	,'2022-01-04'	,1	,1,now(),now()),
(154	,'2022-01-04'	,2	,1,now(),now()),
(155	,'2022-01-05'	,1	,1,now(),now()),
(156	,'2022-01-05'	,2	,1,now(),now()),
(157	,'2022-01-06'	,1	,1,now(),now()),
(158	,'2022-01-06'	,2	,1,now(),now()),
(159	,'2022-01-07'	,1	,1,now(),now()),
(160	,'2022-01-07'	,2	,1,now(),now()),
(161	,'2022-01-10'	,1	,1,now(),now()),
(162	,'2022-01-10'	,2	,1,now(),now()),
(163	,'2022-01-11'	,1	,1,now(),now()),
(164	,'2022-01-11'	,2	,1,now(),now()),
(165	,'2022-01-12'	,1	,1,now(),now()),
(166	,'2022-01-12'	,2	,1,now(),now()),
(167	,'2022-01-13'	,1	,1,now(),now()),
(168	,'2022-01-13'	,2	,1,now(),now()),
(169	,'2022-01-14'	,1	,1,now(),now()),
(170	,'2022-01-14'	,2	,1,now(),now()),
(171	,'2022-01-17'	,1	,1,now(),now()),
(172	,'2022-01-17'	,2	,1,now(),now()),
(173	,'2022-01-18'	,1	,1,now(),now()),
(174	,'2022-01-18'	,2	,1,now(),now()),
(175	,'2022-01-19'	,1	,1,now(),now()),
(176	,'2022-01-19'	,2	,1,now(),now()),
(177	,'2022-01-20'	,1	,1,now(),now()),
(178	,'2022-01-20'	,2	,1,now(),now()),
(179	,'2022-01-21'	,1	,1,now(),now()),
(180	,'2022-01-21'	,2	,1,now(),now()),
(181	,'2022-01-24'	,1	,1,now(),now()),
(182	,'2022-01-24'	,2	,1,now(),now()),
(183	,'2022-01-25'	,1	,1,now(),now()),
(184	,'2022-01-25'	,2	,1,now(),now()),
(185	,'2022-01-26'	,1	,1,now(),now()),
(186	,'2022-01-26'	,2	,1,now(),now()),
(187	,'2022-01-27'	,1	,1,now(),now()),
(188	,'2022-01-27'	,2	,1,now(),now()),
(189	,'2022-01-28'	,1	,1,now(),now()),
(190	,'2022-01-28'	,2	,1,now(),now()),
(191	,'2022-01-31'	,1	,1,now(),now()),
(192	,'2022-01-31'	,2	,1,now(),now()),
(193	,'2022-02-01'	,1	,1,now(),now()),
(194	,'2022-02-01'	,2	,1,now(),now()),
(195	,'2022-02-02'	,1	,1,now(),now()),
(196	,'2022-02-02'	,2	,1,now(),now()),
(197	,'2022-02-03'	,1	,1,now(),now()),
(198	,'2022-02-03'	,2	,1,now(),now()),
(199	,'2022-02-04'	,1	,1,now(),now()),
(200	,'2022-02-04'	,2	,1,now(),now()),
(201	,'2022-02-07'	,1	,1,now(),now()),
(202	,'2022-02-07'	,2	,1,now(),now()),
(203	,'2022-02-08'	,1	,1,now(),now()),
(204	,'2022-02-08'	,2	,1,now(),now()),
(205	,'2022-02-09'	,1	,1,now(),now()),
(206	,'2022-02-09'	,2	,1,now(),now()),
(207	,'2022-02-10'	,1	,1,now(),now()),
(208	,'2022-02-10'	,2	,1,now(),now()),
(209	,'2022-02-11'	,1	,1,now(),now()),
(210	,'2022-02-11'	,2	,1,now(),now()),
(211	,'2022-02-14'	,1	,1,now(),now()),
(212	,'2022-02-14'	,2	,1,now(),now()),
(213	,'2022-02-15'	,1	,1,now(),now()),
(214	,'2022-02-15'	,2	,1,now(),now()),
(215	,'2022-02-16'	,1	,1,now(),now()),
(216	,'2022-02-16'	,2	,1,now(),now()),
(217	,'2022-02-17'	,1	,1,now(),now()),
(218	,'2022-02-17'	,2	,1,now(),now()),
(219	,'2022-02-18'	,1	,1,now(),now()),
(220	,'2022-02-18'	,2	,1,now(),now()),
(221	,'2022-02-21'	,1	,1,now(),now()),
(222	,'2022-02-21'	,2	,1,now(),now()),
(223	,'2022-02-22'	,1	,1,now(),now()),
(224	,'2022-02-22'	,2	,1,now(),now()),
(225	,'2022-02-23'	,1	,1,now(),now()),
(226	,'2022-02-23'	,2	,1,now(),now()),
(227	,'2022-02-24'	,1	,1,now(),now()),
(228	,'2022-02-24'	,2	,1,now(),now()),
(229	,'2022-02-25'	,1	,1,now(),now()),
(230	,'2022-02-25'	,2	,1,now(),now()),
(231	,'2022-02-28'	,1	,1,now(),now()),
(232	,'2022-02-28'	,2	,1,now(),now()),
(233	,'2022-03-01'	,1	,1,now(),now()),
(234	,'2022-03-01'	,2	,1,now(),now()),
(235	,'2022-03-02'	,1	,1,now(),now()),
(236	,'2022-03-02'	,2	,1,now(),now()),
(237	,'2022-03-03'	,1	,1,now(),now()),
(238	,'2022-03-03'	,2	,1,now(),now()),
(239	,'2022-03-04'	,1	,1,now(),now()),
(240	,'2022-03-04'	,2	,1,now(),now()),
(241	,'2022-03-07'	,1	,1,now(),now()),
(242	,'2022-03-07'	,2	,1,now(),now()),
(243	,'2022-03-08'	,1	,1,now(),now()),
(244	,'2022-03-08'	,2	,1,now(),now()),
(245	,'2022-03-09'	,1	,1,now(),now()),
(246	,'2022-03-09'	,2	,1,now(),now()),
(247	,'2022-03-10'	,1	,1,now(),now()),
(248	,'2022-03-10'	,2	,1,now(),now()),
(249	,'2022-03-11'	,1	,1,now(),now()),
(250	,'2022-03-11'	,2	,1,now(),now()),
(251	,'2022-03-14'	,1	,1,now(),now()),
(252	,'2022-03-14'	,2	,1,now(),now()),
(253	,'2022-03-15'	,1	,1,now(),now()),
(254	,'2022-03-15'	,2	,1,now(),now()),
(255	,'2022-03-16'	,1	,1,now(),now()),
(256	,'2022-03-16'	,2	,1,now(),now()),
(257	,'2022-02-17'	,1	,1,now(),now()),
(258	,'2022-02-17'	,2	,1,now(),now()),
(259	,'2022-02-18'	,1	,1,now(),now()),
(260	,'2022-02-18'	,2	,1,now(),now()),
(261	,'2022-02-21'	,1	,1,now(),now()),
(262	,'2022-02-21'	,2	,1,now(),now()),
(263	,'2022-02-22'	,1	,1,now(),now()),
(264	,'2022-02-22'	,2	,1,now(),now()),
(265	,'2022-02-23'	,1	,1,now(),now()),
(266	,'2022-02-23'	,2	,1,now(),now()),
(267	,'2022-02-24'	,1	,1,now(),now()),
(268	,'2022-02-24'	,2	,1,now(),now()),
(269	,'2022-02-25'	,1	,1,now(),now()),
(270	,'2022-02-25'	,2	,1,now(),now()),
(271	,'2022-03-28'	,1	,1,now(),now()),
(272	,'2022-03-28'	,2	,1,now(),now()),
(273	,'2022-03-29'	,1	,1,now(),now()),
(274	,'2022-03-29'	,2	,1,now(),now()),
(275	,'2022-03-30'	,1	,1,now(),now()),
(276	,'2022-03-30'	,2	,1,now(),now()),
(277	,'2022-03-31'	,1	,1,now(),now()),
(278	,'2022-03-31'	,2	,1,now(),now()),
(279	,'2022-04-01'	,1	,1,now(),now()),
(280	,'2022-04-01'	,2	,1,now(),now()),
(281	,'2022-04-04'	,1	,1,now(),now()),
(282	,'2022-04-04'	,2	,1,now(),now()),
(283	,'2022-04-05'	,1	,1,now(),now()),
(284	,'2022-04-05'	,2	,1,now(),now()),
(285	,'2022-04-06'	,1	,1,now(),now()),
(286	,'2022-04-06'	,2	,1,now(),now()),
(287	,'2022-04-07'	,1	,1,now(),now()),
(288	,'2022-04-07'	,2	,1,now(),now()),
(289	,'2022-04-08'	,1	,1,now(),now()),
(290	,'2022-04-08'	,2	,1,now(),now()),
(291	,'2022-04-11'	,1	,1,now(),now()),
(292	,'2022-04-11'	,2	,1,now(),now()),
(293	,'2022-04-12'	,1	,1,now(),now()),
(294	,'2022-04-12'	,2	,1,now(),now()),
(295	,'2022-04-13'	,1	,1,now(),now()),
(296	,'2022-04-13'	,2	,1,now(),now()),
(297	,'2022-04-14'	,1	,1,now(),now()),
(298	,'2022-04-14'	,2	,1,now(),now()),
(299	,'2022-04-15'	,1	,1,now(),now()),
(300	,'2022-04-15'	,2	,1,now(),now()),
(301	,'2022-04-18'	,1	,1,now(),now()),
(302	,'2022-04-18'	,2	,1,now(),now()),
(303	,'2022-04-19'	,1	,1,now(),now()),
(304	,'2022-04-19'	,2	,1,now(),now()),
(305	,'2022-04-20'	,1	,1,now(),now()),
(306	,'2022-04-20'	,2	,1,now(),now()),
(307	,'2022-04-21'	,1	,1,now(),now()),
(308	,'2022-04-21'	,2	,1,now(),now()),
(309	,'2022-04-22'	,1	,1,now(),now()),
(310	,'2022-04-22'	,2	,1,now(),now()),
(311	,'2022-04-25'	,1	,1,now(),now()),
(312	,'2022-04-25'	,2	,1,now(),now()),
(313	,'2022-04-26'	,1	,1,now(),now()),
(314	,'2022-04-26'	,2	,1,now(),now()),
(315	,'2022-04-27'	,1	,1,now(),now()),
(316	,'2022-04-27'	,2	,1,now(),now()),
(317	,'2022-04-28'	,1	,1,now(),now()),
(318	,'2022-04-28'	,2	,1,now(),now()),
(319	,'2022-04-29'	,1	,1,now(),now()),
(320	,'2022-04-29'	,2	,1,now(),now()),
(321	,'2022-05-02'	,1	,1,now(),now()),
(322	,'2022-05-02'	,2	,1,now(),now()),
(323	,'2022-05-03'	,1	,1,now(),now()),
(324	,'2022-05-03'	,2	,1,now(),now()),
(325	,'2022-05-04'	,1	,1,now(),now()),
(326	,'2022-05-04'	,2	,1,now(),now()),
(327	,'2022-05-05'	,1	,1,now(),now()),
(328	,'2022-05-05'	,2	,1,now(),now()),
(329	,'2022-05-06'	,1	,1,now(),now()),
(330	,'2022-05-06'	,2	,1,now(),now()),
(331	,'2022-05-09'	,1	,1,now(),now()),
(332	,'2022-05-09'	,2	,1,now(),now()),
(333	,'2022-05-10'	,1	,1,now(),now()),
(334	,'2022-05-10'	,2	,1,now(),now()),
(335	,'2022-05-11'	,1	,1,now(),now()),
(336	,'2022-05-11'	,2	,1,now(),now()),
(337	,'2022-05-12'	,1	,1,now(),now()),
(338	,'2022-05-12'	,2	,1,now(),now()),
(339	,'2022-05-13'	,1	,1,now(),now()),
(340	,'2022-05-13'	,2	,1,now(),now()),
(341	,'2022-05-16'	,1	,1,now(),now()),
(342	,'2022-05-16'	,2	,1,now(),now()),
(343	,'2022-05-17'	,1	,1,now(),now()),
(344	,'2022-05-17'	,2	,1,now(),now()),
(345	,'2022-05-18'	,1	,1,now(),now()),
(346	,'2022-05-18'	,2	,1,now(),now()),
(347	,'2022-05-19'	,1	,1,now(),now()),
(348	,'2022-05-19'	,2	,1,now(),now()),
(349	,'2022-05-20'	,1	,1,now(),now()),
(350	,'2022-05-20'	,2	,1,now(),now()),
(351	,'2022-05-23'	,1	,1,now(),now()),
(352	,'2022-05-23'	,2	,1,now(),now()),
(353	,'2022-05-10'	,1	,1,now(),now()),
(354	,'2022-05-10'	,2	,1,now(),now()),
(355	,'2022-05-11'	,1	,1,now(),now()),
(356	,'2022-05-11'	,2	,1,now(),now()),
(357	,'2022-05-12'	,1	,1,now(),now()),
(358	,'2022-05-12'	,2	,1,now(),now()),
(359	,'2022-05-13'	,1	,1,now(),now()),
(360	,'2022-05-13'	,2	,1,now(),now()),
(361	,'2022-05-16'	,1	,1,now(),now()),
(362	,'2022-05-16'	,2	,1,now(),now()),
(363	,'2022-05-17'	,1	,1,now(),now()),
(364	,'2022-05-17'	,2	,1,now(),now()),
(365	,'2022-05-18'	,1	,1,now(),now()),
(366	,'2022-05-18'	,2	,1,now(),now()),
(367	,'2022-05-19'	,1	,1,now(),now()),
(368	,'2022-05-19'	,2	,1,now(),now()),
(369	,'2022-05-20'	,1	,1,now(),now()),
(370	,'2022-05-20'	,2	,1,now(),now()),
(371	,'2022-05-23'	,1	,1,now(),now()),
(372	,'2022-05-23'	,2	,1,now(),now()),
(373	,'2022-05-10'	,1	,1,now(),now()),
(374	,'2022-05-10'	,2	,1,now(),now()),
(375	,'2022-05-11'	,1	,1,now(),now()),
(376	,'2022-05-11'	,2	,1,now(),now()),
(377	,'2022-05-12'	,1	,1,now(),now()),
(378	,'2022-05-12'	,2	,1,now(),now()),
(379	,'2022-05-13'	,1	,1,now(),now()),
(380	,'2022-05-13'	,2	,1,now(),now()),
(381	,'2022-05-16'	,1	,1,now(),now()),
(382	,'2022-05-16'	,2	,1,now(),now()),
(383	,'2022-05-17'	,1	,1,now(),now()),
(384	,'2022-05-17'	,2	,1,now(),now()),
(385	,'2022-05-18'	,1	,1,now(),now()),
(386	,'2022-05-18'	,2	,1,now(),now()),
(387	,'2022-05-19'	,1	,1,now(),now()),
(388	,'2022-05-19'	,2	,1,now(),now()),
(389	,'2022-05-20'	,1	,1,now(),now()),
(390	,'2022-05-20'	,2	,1,now(),now());


INSERT INTO trip_user ("trip_id","user_id","number_of_person") VALUES
(1,  	1,	1),
(2,  	1,	1),
(3,  	1,	1),
(4,  	1,	1),
(5,  	1,	1),
(6,  	1,	1),
(7,  	1,	0),
(8,  	1,	0),
(9,  	1,	1),
(10,	1,	1),
(11,	1,	1),
(12,	1,	1),
(13,	1,	0),
(14,	1,	0),
(15,	1,	1),
(16,	1,	1),
(17,	1,	1),
(18,	1,	1),
(19,	1,	1),
(20,	1,	1),
(21,	1,	1),
(22,	1,	1),
(23,	1,	1),
(24,	1,	1),
(25,	1,	1),
(26,	1,	1),
(27,	1,	1),
(28,	1,	1),
(29,	1,	1),
(30,	1,	1),
(31,	1,	1),
(32,	1,	1),
(33,	1,	1),
(34,	1,	1),
(35,	1,	1),
(36,	1,	1),
(37,	1,	0),
(38,	1,	0),
(39,	1,	1),
(40,	1,	1),
(41,	1,	1),
(42,	1,	1),
(43,	1,	2),
(44,	1,	2),
(45,	1,	1),
(46,	1,	2),
(47,	1,	0),
(48,	1,	0),
(49,	1,	1),
(50,	1,	1),
(51,	1,	1),
(52,	1,	1),
(53,	1,	1),
(54,	1,	1),
(55,	1,	1),
(56,	1,	0),
(57,	1,	0),
(58,	1,	0),
(59,	1,	0),
(60,	1,	0),
(61,	1,	0),
(62,	1,	0),
(63,	1,	0),
(64,	1,	0),
(65,	1,	0),
(66,	1,	0),
(67,	1,	0),
(68,	1,	0),
(69,	1,	1),
(70,	1,	1),
(71,	1,	1),
(72,	1,	1),
(73,	1,	1),
(74,	1,	1),
(75,	1,	1),
(76,	1,	1),
(77,	1,	1),
(78,	1,	1),
(79,	1,	1),
(80,	1,	1),
(81,	1,	1),
(82,	1,	0),
(83,	1,	0),
(84,	1,	0),
(85,	1,	0),
(86,	1,	0),
(87,	1,	0),
(88,	1,	0),
(89,	1,	1),
(90,	1,	1),
(91,	1,	1),
(92,	1,	1),
(93,	1,	1),
(94,	1,	1),
(95,	1,	0),
(96,	1,	0),
(97,	1,	1),
(98,	1,	1),
(99,	1,	1),
(100,	1,	1),
(101,	1,	1),
(102,	1,	1),
(103,	1,	1),
(104,	1,	0),
(105,	1,	0),
(106,	1,	0),
(107,	1,	0),
(108,	1,	1),
(109,	1,	0),
(110,	1,	0),
(111,	1,	1),
(112,	1,	1),
(113,	1,	1),
(114,	1,	1),
(115,	1,	1),
(116,	1,	1),
(117,	1,	1),
(118,	1,	1),
(119,	1,	1),
(120,	1,	1),
(121,	1,	1),
(122,	1,	1),
(123,	1,	1),
(124,	1,	1),
(125,	1,	1),
(126,	1,	1),
(127,	1,	0),
(128,	1,	0),
(129,	1,	1),
(130,	1,	1),
(131,	1,	1),
(132,	1,	1),
(133,	1,	0),
(134,	1,	0),
(135,	1,	0),
(136,	1,	0),
(137,	1,	0),
(138,	1,	0),
(139,	1,	0),
(140,	1,	0),
(141,	1,	0),
(142,	1,	0),
(143,	1,	0),
(144,	1,	0),
(145,	1,	1),
(146,	1,	0),
(147,	1,	1),
(148,	1,	1),
(149,	1,	0),
(150,	1,	0),
(151,	1,	0),
(152,	1,	0),
(153,	1,	0),
(154,	1,	0),
(155,	1,	0),
(156,	1,	0),
(157,	1,	0),
(158,	1,	0),
(159,	1,	0),
(160,	1,	0),
(161,	1,	1),
(162,	1,	1),
(163,	1,	1),
(164,	1,	1),
(165,	1,	1),
(166,	1,	1),
(167,	1,	1),
(168,	1,	1),
(169,	1,	1),
(170,	1,	1),
(171,	1,	1),
(172,	1,	1),
(173,	1,	1),
(174,	1,	1),
(175,	1,	3),
(176,	1,	1),
(177,	1,	0),
(178,	1,	0),
(179,	1,	0),
(180,	1,	0),
(181,	1,	1),
(182,	1,	1),
(183,	1,	1),
(184,	1,	0),
(185,	1,	0),
(186,	1,	0),
(187,	1,	0),
(188,	1,	0),
(189,	1,	0),
(190,	1,	0),
(191,	1,	0),
(192,	1,	0),
(193,	1,	0),
(194,	1,	0),
(195,	1,	0),
(196,	1,	0),
(197,	1,	0),
(198,	1,	0),
(199,	1,	0),
(200,	1,	0),
(201,	1,	1),
(202,	1,	1),
(203,	1,	1),
(204,	1,	1),
(205,	1,	1),
(206,	1,	1),
(207,	1,	1),
(208,	1,	1),
(209,	1,	0),
(210,	1,	0),
(211,	1,	1),
(212,	1,	1),
(213,	1,	0),
(214,	1,	0),
(215,	1,	1),
(216,	1,	1),
(217,	1,	1),
(218,	1,	1),
(219,	1,	1),
(220,	1,	1),
(221,	1,	1),
(222,	1,	1),
(223,	1,	1),
(224,	1,	1),
(225,	1,	1),
(226,	1,	1),
(227,	1,	1),
(228,	1,	1),
(229,	1,	1),
(230,	1,	1),
(231,	1,	1),
(232,	1,	1),
(233,	1,	1),
(234,	1,	1),
(235,	1,	1),
(236,	1,	1),
(237,	1,	1),
(238,	1,	1),
(239,	1,	1),
(240,	1,	1),
(241,	1,	1),
(242,	1,	1),
(243,	1,	1),
(244,	1,	1),
(245,	1,	0),
(246,	1,	0),
(247,	1,	0),
(248,	1,	0),
(249,	1,	1),
(250,	1,	1),
(251,	1,	1),
(252,	1,	1),
(253,	1,	1),
(254,	1,	1),
(255,	1,	1),
(256,	1,	1),
(257,	1,	0),
(258,	1,	0),
(259,	1,	1),
(260,	1,	1),
(261,	1,	1),
(262,	1,	1),
(263,	1,	0),
(264,	1,	0),
(265,	1,	1),
(266,	1,	1),
(267,	1,	0),
(268,	1,	0),
(269,	1,	0),
(270,	1,	0),
(271,	1,	1),
(272,	1,	1),
(273,	1,	1),
(274,	1,	1),
(275,	1,	0),
(276,	1,	0),
(277,	1,	1),
(278,	1,	1),
(279,	1,	0),
(280,	1,	0),
(281,	1,	0),
(282,	1,	0),
(283,	1,	1),
(284,	1,	1),
(285,	1,	0),
(286,	1,	0),
(287,	1,	1),
(288,	1,	1),
(289,	1,	0),
(290,	1,	0),
(291,	1,	1),
(292,	1,	1),
(293,	1,	1),
(294,	1,	1),
(295,	1,	1),
(296,	1,	1),
(297,	1,	1),
(298,	1,	1),
(299,	1,	0),
(300,	1,	0),
(301,	1,	0),
(302,	1,	0),
(303,	1,	1),
(304,	1,	1),
(305,	1,	1),
(306,	1,	1),
(307,	1,	0),
(308,	1,	0),
(309,	1,	0),
(310,	1,	0),
(311,	1,	1),
(312,	1,	1),
(313,	1,	0),
(314,	1,	0),
(315,	1,	0),
(316,	1,	0),
(317,	1,	1),
(318,	1,	0),
(319,	1,	1),
(320,	1,	1),
(321,	1,	3),
(322,	1,	1),
(323,	1,	2),
(324,	1,	1),
(325,	1,	0),
(326,	1,	0),
(327,	1,	0),
(328,	1,	0),
(329,	1,	0),
(330,	1,	0),
(331,	1,	1),
(332,	1,	1),
(333,	1,	1),
(334,	1,	1),
(335,	1,	1),
(336,	1,	1),
(337,	1,	1),
(338,	1,	1),
(339,	1,	0),
(340,	1,	0),
(341,	1,	1),
(342,	1,	1),
(1	,    2,	1),
(2	,    2,	1),
(3	,    2,	1),
(4	,    2,	2),
(5	,    2,	1),
(6	,    2,	0),
(7	,    2,	0),
(8	,    2,	0),
(9	,    2,	1),
(10	,    2,	0),
(11	,    2,	1),
(12	,    2,	1),
(13	,    2,	0),
(14	,    2,	0),
(15	,    2,	2),
(16	,    2,	1),
(17	,    2,	1),
(18	,    2,	1),
(19	,    2,	2),
(20	,    2,	0),
(21	,    2,	0),
(22	,    2,	0),
(23	,    2,	1),
(24	,    2,	1),
(25	,    2,	2),
(26	,    2,	2),
(27	,    2,	2),
(28	,    2,	1),
(29	,    2,	2),
(30	,    2,	0),
(31	,    2,	1),
(32	,    2,	2),
(33	,    2,	2),
(34	,    2,	0),
(35	,    2,	1),
(36	,    2,	0),
(37	,    2,	0),
(38	,    2,	0),
(39	,    2,	2),
(40	,    2,	0),
(41	,    2,	2),
(42	,    2,	1),
(43	,    2,	2),
(44	,    2,	2),
(45	,    2,	1),
(46	,    2,	1),
(47	,    2,	0),
(48	,    2,	0),
(49	,    2,	2),
(50	,    2,	2),
(51	,    2,	1),
(52	,    2,	1),
(53	,    2,	1),
(54	,    2,	0),
(55	,    2,	0),
(56	,    2,	0),
(57	,    2,	0),
(58	,    2,	0),
(59	,    2,	0),
(60	,    2,	0),
(61	,    2,	0),
(62	,    2,	0),
(63	,    2,	0),
(64	,    2,	0),
(65	,    2,	0),
(66	,    2,	0),
(67	,    2,	0),
(68	,    2,	0),
(69	,    2,	1),
(70	,    2,	0),
(71	,    2,	0),
(72	,    2,	0),
(73	,    2,	0),
(74	,    2,	0),
(75	,    2,	0),
(76	,    2,	0),
(77	,    2,	0),
(78	,    2,	0),
(79	,    2,	0),
(80	,    2,	0),
(81	,    2,	0),
(82	,    2,	0),
(83	,    2,	0),
(84	,    2,	0),
(85	,    2,	0),
(86	,    2,	0),
(87	,    2,	0),
(88	,    2,	0),
(89	,    2,	1),
(90	,    2,	0),
(91	,    2,	2),
(92	,    2,	2),
(93	,    2,	2),
(94	,    2,	1),
(95	,    2,	0),
(96	,    2,	0),
(97	,    2,	1),
(98	,    2,	2),
(99	,    2,	2),
(100,2,	0),
(101,2,	2),
(102,2,	2),
(103,2,	0),
(104,2,	0),
(105,2,	0),
(106,2,	0),
(107,2,	0),
(108,2,	0),
(109,2,	0),
(110,2,	0),
(111,2,	0),
(112,2,	0),
(113,2,	0),
(114,2,	0),
(115,2,	0),
(116,2,	0),
(117,2,	0),
(118,2,	0),
(119,2,	1),
(120,2,	0),
(121,2,	1),
(122,2,	1),
(123,2,	1),
(124,2,	0),
(125,2,	1),
(126,2,	1),
(127,2,	0),
(128,2,	0),
(129,2,	1),
(130,2,	1),
(131,2,	1),
(132,2,	1),
(133,2,	0),
(134,2,	0),
(135,2,	0),
(136,2,	0),
(137,2,	0),
(138,2,	0),
(139,2,	0),
(140,2,	0),
(141,2,	0),
(142,2,	0),
(143,2,	0),
(144,2,	0),
(145,2,	1),
(146,2,	0),
(147,2,	0),
(148,2,	0),
(149,2,	0),
(150,2,	0),
(151,2,	0),
(152,2,	0),
(153,2,	0),
(154,2,	0),
(155,2,	0),
(156,2,	0),
(157,2,	0),
(158,2,	0),
(159,2,	0),
(160,2,	0),
(161,2,	2),
(162,2,	0),
(163,2,	0),
(164,2,	0),
(165,2,	1),
(166,2,	0),
(167,2,	1),
(168,2,	1),
(169,2,	2),
(170,2,	3),
(171,2,	2),
(172,2,	2),
(173,2,	2),
(174,2,	2),
(175,2,	1),
(176,2,	0),
(177,2,	0),
(178,2,	0),
(179,2,	0),
(180,2,	0),
(181,2,	1),
(182,2,	1),
(183,2,	1),
(184,2,	0),
(185,2,	0),
(186,2,	0),
(187,2,	0),
(188,2,	0),
(189,2,	0),
(190,2,	0),
(191,2,	0),
(192,2,	0),
(193,2,	0),
(194,2,	0),
(195,2,	0),
(196,2,	0),
(197,2,	0),
(198,2,	0),
(199,2,	0),
(200,2,	0),
(201,2,	0),
(202,2,	0),
(203,2,	2),
(204,2,	2),
(205,2,	1),
(206,2,	2),
(207,2,	0),
(208,2,	0),
(209,2,	0),
(210,2,	0),
(211,2,	2),
(212,2,	2),
(213,2,	0),
(214,2,	0),
(215,2,	1),
(216,2,	1),
(217,2,	2),
(218,2,	1),
(219,2,	2),
(220,2,	0),
(221,2,	1),
(222,2,	1),
(223,2,	1),
(224,2,	1),
(225,2,	0),
(226,2,	0),
(227,2,	1),
(228,2,	0),
(229,2,	0),
(230,2,	0),
(231,2,	0),
(232,2,	0),
(233,2,	0),
(234,2,	0),
(235,2,	0),
(236,2,	0),
(237,2,	1),
(238,2,	0),
(239,2,	1),
(240,2,	0),
(241,2,	2),
(242,2,	1),
(243,2,	0),
(244,2,	0),
(245,2,	0),
(246,2,	0),
(247,2,	0),
(248,2,	0),
(249,2,	0),
(250,2,	0),
(251,2,	2),
(252,2,	1),
(253,2,	1),
(254,2,	1),
(255,2,	1),
(256,2,	1),
(257,2,	0),
(258,2,	0),
(259,2,	2),
(260,2,	0),
(261,2,	1),
(262,2,	1),
(263,2,	0),
(264,2,	0),
(265,2,	1),
(266,2,	0),
(267,2,	0),
(268,2,	0),
(269,2,	0),
(270,2,	0),
(271,2,	2),
(272,2,	0),
(273,2,	0),
(274,2,	0),
(275,2,	0),
(276,2,	0),
(277,2,	1),
(278,2,	0),
(279,2,	0),
(280,2,	0),
(281,2,	0),
(282,2,	0),
(283,2,	1),
(284,2,	1),
(285,2,	0),
(286,2,	0),
(287,2,	2),
(288,2,	1),
(289,2,	0),
(290,2,	0),
(291,2,	2),
(292,2,	1),
(293,2,	2),
(294,2,	1),
(295,2,	1),
(296,2,	0),
(297,2,	0),
(298,2,	0),
(299,2,	0),
(300,2,	0),
(301,2,	0),
(302,2,	0),
(303,2,	1),
(304,2,	1),
(305,2,	1),
(306,2,	1),
(307,2,	0),
(308,2,	0),
(309,2,	0),
(310,2,	0),
(311,2,	2),
(312,2,	2),
(313,2,	0),
(314,2,	0),
(315,2,	0),
(316,2,	0),
(317,2,	2),
(318,2,	0),
(319,2,	2),
(320,2,	0),
(321,2,	1),
(322,2,	1),
(323,2,	1),
(324,2,	1),
(325,2,	0),
(326,2,	0),
(327,2,	0),
(328,2,	0),
(329,2,	0),
(330,2,	0),
(331,2,	3),
(332,2,	0),
(333,2,	1),
(334,2,	1),
(335,2,	2),
(336,2,	2),
(337,2,	2),
(338,2,	0),
(339,2,	0),
(340,2,	0),
(341,2,	0),
(342,2,	0),
(1	,3,	0),
(2	,3,	0),
(3	,3,	0),
(4	,3,	0),
(5	,3,	0),
(6	,3,	0),
(7	,3,	0),
(8	,3,	0),
(9	,3,	0),
(10	,3,	0),
(11	,3,	0),
(12	,3,	0),
(13	,3,	0),
(14	,3,	0),
(15	,3,	0),
(16	,3,	0),
(17	,3,	0),
(18	,3,	0),
(19	,3,	1),
(20	,3,	1),
(21	,3,	0),
(22	,3,	0),
(23	,3,	0),
(24	,3,	2),
(25	,3,	2),
(26	,3,	0),
(27	,3,	1),
(28	,3,	1),
(29	,3,	1),
(30	,3,	1),
(31	,3,	0),
(32	,3,	0),
(33	,3,	1),
(34	,3,	1),
(35	,3,	1),
(36	,3,	1),
(37	,3,	0),
(38	,3,	0),
(39	,3,	0),
(40	,3,	0),
(41	,3,	1),
(42	,3,	1);


